ping;latencia_ms
1;15.148
2;18.705
3;15.460
4;18.676
5;18.231
6;18.614
7;15.079
8;17.307
9;15.761
10;16.985
11;15.573
12;15.192
13;16.796
14;15.951
15;16.963
16;17.166
17;17.196
18;15.892
19;14.994
20;18.570
21;17.684
22;16.064
23;17.706
24;17.785
25;15.652
26;15.370
27;46.326
28;15.570
29;16.377
30;16.132
31;16.442
32;18.940
33;18.971
34;15.805
35;18.795
36;16.534
37;16.609
38;15.250
39;17.903
40;15.088
41;18.409
42;16.168
43;18.458
44;16.336
45;18.790
46;18.194
47;17.290
48;17.786
49;18.562
50;19.063
51;16.365
52;18.025
53;16.886
54;15.306
55;17.723
56;18.098
57;16.200
58;16.036
59;17.292
60;17.297
61;18.497
62;17.547
63;19.025
64;17.664
65;18.586
66;15.297
67;17.606
68;17.330
69;17.606
70;15.517
71;15.076
72;17.010
73;16.680
74;18.728
75;15.460
76;17.009
77;15.892
78;16.637
79;16.697
80;16.539
81;18.922
82;18.888
83;15.763
84;16.524
85;15.470
86;15.322
87;16.640
88;18.993
89;17.954
90;16.084
91;15.440
92;15.858
93;15.714
94;18.252
95;17.320
96;17.597
97;15.197
98;17.038
99;15.032
100;16.826
