fecha;protocolo;valor_recibido;correcto
2026-10-03 23:52:40;CSV;0,0,0,0,0;no
2026-10-03 23:52:50;CSV;0,0,0,0,0;no
2026-10-03 23:52:58;CSV;0,0,0,0,0;no
2026-10-03 23:53:02;CSV;0,0,0,0,0;no
2026-10-03 23:53:06;CSV;0,0,0,0,0;no
2026-10-03 23:59:22;CSV;0,0,0,0,0;no
2026-10-03 23:59:35;CSV;0,0,0,0,0;no
2026-10-04 00:01:44;CSV;0,0,0,0,0;no
2026-10-04 00:18:46;CSV;0,0,0,0,0;no
2026-10-04 00:24:08;CSV;1,0,1,0,512;si
2026-10-04 00:25:16;CSV;1,0,1,0,512;si
2026-10-04 00:26:04;CSV;1,0,1,0,512;si
2026-10-04 00:27:31;CSV;1,0,1,0,512;si
2026-10-04 00:35:57;JSON;1,0,1,0,512;si
2026-10-04 00:40:24;CSV;1,0,1,0,512;si
2026-10-04 00:44:05;Binario;1,0,1,0,512;si
2026-10-04 00:52:50;Binario;1,0,1,0,512;si
2026-10-04 00:55:46;Binario;1,0,1,0,512;si
2026-10-04 00:58:44;Binario;1,0,1,0,512;si
2026-10-04 01:03:17;CSV;1,0,1,0,512;si
2026-10-04 01:08:09;JSON;1,0,1,0,512;si
