fecha;protocolo;pings;perdidos;promedio_ms;desviacion_ms;minimo_ms;maximo_ms
2026-10-04 00:27:08;CSV;100;0;17.051;1.217;14.969;19.070
2026-10-04 00:28:03;CSV;100;0;16.801;1.108;15.007;19.001
2026-10-04 00:28:56;CSV;100;0;17.034;1.257;15.020;20.691
2026-10-04 00:36:55;JSON;100;0;46.659;1.128;44.518;48.522
2026-10-04 00:40:42;CSV;100;0;17.063;1.166;15.020;19.069
2026-10-04 00:44:23;Binario;100;0;9.503;1.248;7.653;11.584
2026-10-04 00:56:08;Binario;100;0;9.650;1.228;7.715;11.883
2026-10-04 00:59:00;Binario;100;0;9.796;1.165;7.674;12.093
2026-10-04 01:03:44;CSV;100;0;17.228;3.189;14.994;46.326
2026-10-04 01:08:38;JSON;100;0;46.422;1.215;44.494;48.498
