fecha;protocolo;duracion_s;mensajes_validos;mensajes_invalidos;mensajes_por_s;bytes_por_mensaje;bytes_por_s
2026-10-03 23:55:51;CSV;30.002;0;599;0.000;0.000;818.833
2026-10-04 00:29:32;CSV;30.006;600;0;19.996;12.995;259.847
2026-10-04 00:37:33;JSON;30.008;600;0;19.995;40.943;818.661
2026-10-04 00:41:18;CSV;30.004;599;0;19.964;13.000;259.531
2026-10-04 00:45:00;Binario;30.003;599;0;19.964;6.000;119.786
2026-10-04 00:56:52;Binario;30.002;600;0;19.999;5.997;119.927
2026-10-04 00:59:36;Binario;30.008;599;0;19.962;6.000;119.769
2026-10-04 01:04:20;CSV;30.006;599;0;19.962;13.000;259.512
2026-10-04 01:09:13;JSON;30.000;599;0;19.967;41.007;818.764
